video_url,user_url,username,title,view_num,created_at,shortdesc,collected_at
/watch?v=I3ecBxsW2Mo&pp=ygULbGFrZSBjaGVsYW4%3D,/@CentralWashU,Central Washington University,Lake Chelan Geology,445K,8 years,CWU's Nick Zentner presents 'Lake Chelan Geology' - the 18th talk in his ongoing Downtown Geology Lecture Series. Recorded ...,2026-01-18 21:48:50.482762
/watch?v=_roeTGDxwM4&pp=ygULbGFrZSBjaGVsYW7SBwkJTwoBhyohjO8%3D,/@lakechelan3495,Lake Chelan,"Explore the Remote Village of Stehekin, Washington",90K,8 years,"Stehekin, Washington is located on the edge of the North Cascades National Park, on the north-end of Lake Chelan, and is almost ...",2026-01-18 21:48:50.484013
/watch?v=eY97hVwKOg4&pp=ygULbGFrZSBjaGVsYW7SBwkJTwoBhyohjO8%3D,/@CascadePBS,Cascade PBS,Lake Chelan — Battle of the Ice Sheets | Nick on the Rocks,27K,8 years,Scenic Lake Chelan is a vacation paradise that was created during the Ice Age. But how can geologists prove that an ice sheet ...,2026-01-18 21:48:50.485041
/watch?v=_ndmBCeO2DI&pp=ygULbGFrZSBjaGVsYW7SBwkJTwoBhyohjO8%3D,/@LivinginNCW,Amanda Dallman,People Regret Moving to Lake Chelan. Here's the Reality!,67K,8 months,"Thinking about moving to Lake Chelan, Washington? 🏞️ In this video, we break down the real pros and cons of living in this ...",2026-01-18 21:48:56.771852
/watch?v=_7BAosaQ7ww&pp=ygULbGFrZSBjaGVsYW4%3D,/@Elflak619,ElFlako,The LAKE CHELAN Lookout Tour,681,2 years,Lake Chelan Lookout Tour ☀️ 2Ezyy In this video I will be showing you the beautiful side of Lake Chelan and take you on a tour ...,2026-01-18 21:48:56.773182
/watch?v=mrmczYiMWas&pp=ygULbGFrZSBjaGVsYW4%3D,/@LocalLensSeattle,Local Lens Seattle,What to do in Lake Chelan | Local Lens Seattle,75K,6 years,We're showing you the best Wineries & Live music hot spots Lake Chelan has to offer! This video is sponsored by Lake Chelan ...,2026-01-18 21:48:56.775133
/watch?v=zIstfmy0nvE&pp=ygULbGFrZSBjaGVsYW4%3D,/@AmericasParks,America's Parks,Incredible Stehekin | Lake Chelan National Recreation Area | Washington,21K,4 years,Incredible Stehekin is located in Lake Chelan National Recreation Area in the state of Washington. We took a boat out to the ...,2026-01-18 21:48:56.777027
/watch?v=QhFD8Tx6yLA&pp=ygULbGFrZSBjaGVsYW7SBwkJTwoBhyohjO8%3D,/@lakechelan3495,Lake Chelan,Visit Lake Chelan Washington,8.3K,7 years,"Only in Lake Chelan Washington will you find four seasons of wine, sun, stunning natural beauty and adventures that you can ...",2026-01-18 21:48:56.778259
/watch?v=YXfjUk2_IXs&pp=ygULbGFrZSBjaGVsYW4%3D,/@camachovideos,camachovideos,"Lake Chelan, Washington      [Lakeside Park]",23K,6 years,"Lake Chelan, Washington is located just about a 3-hour beautiful drive east (and slightly north) from Seattle, through the ...",2026-01-18 21:48:56.779569
/watch?v=FAFwhrRwCQU&pp=ygULbGFrZSBjaGVsYW4%3D,/@rockhopperadventures,Rockhopper Adventures,Kayaking 73 Miles Alone - Lake Chelan - To the Most Isolated Town in Washington,8.9K,3 years,I almost turned back. The water purifier was having issues. For awhile I kind of made it work. Kind people like Bob and Roxanne ...,2026-01-18 21:48:56.781306
/watch?v=YrcxY0wxUfU&pp=ygULbGFrZSBjaGVsYW4%3D,/@ForgetSomeday,Forget Someday,Scenic Tour Over Lake Chelan Washington,35K,9 years,It's one thing to see the village of Manson from ground-level; it's a whole other experience to see it from the above! We took to the ...,2026-01-18 21:48:56.782474
/watch?v=xZNEUtQUr7M&pp=ygULbGFrZSBjaGVsYW4%3D,/@cascadiahiking,Cascadia,"Hiking 20 Miles Alone on the Chelan Lakeshore Trail | Stehekin, WA",12K,3 years,This was a 2 day backpacking trip where I hiked from Prince Creek to the town of Stehekin. I used the Lady of the Lake Ferry for ...,2026-01-18 21:48:56.783795
/watch?v=9XezChrHYkA&pp=ygULbGFrZSBjaGVsYW7SBwkJTwoBhyohjO8%3D,/@TravelwithMarsandAnt,TWB with Marlie and Anthony Love,"Here's Why YOU Need To Visit Lake Chelan, WA | TWB",7K,2 years,"Episode 139: Discover the hidden gems of Lake Chelan, Washington, in our latest episode of Traveling While Black! From thrilling ...",2026-01-18 21:48:56.785578
/watch?v=yzHqd-_7b_4&pp=ygULbGFrZSBjaGVsYW4%3D,/@WheretoNextOverland,Where to Next Overland,EPIC Dispersed Camping Above Lake Chelan!,8.6K,2 years,"Traveling along Section 4 of the Washington Backcountry Discovery Route, we battled intense winds, as we crossed ridgetop after ...",2026-01-18 21:48:56.787031
/watch?v=R5nBnO22IPc&pp=ygULbGFrZSBjaGVsYW4%3D,/@king5evening,king5evening,🧐 UNSOLVED MYSTERIES: Lake Chelan 😨,43K,4 years,Lake Chelan has been attracting tourists since the 1880's and spawning tales of mystery from the start. Read about the history: ...,2026-01-18 21:48:56.788316
/watch?v=3VlA-hNWgCo&pp=ygULbGFrZSBjaGVsYW4%3D,/@MonicaGoesShow,Monica Ortega,Lake Chelan - Washington Wine Country Travel Guide,10K,6 years,Lake Chelan - Washington Wine Country Travel Guide Lake Chelan is wine country here in the state of Washington. Between it's ...,2026-01-18 21:48:56.790116
/watch?v=gXeomf7XnEg&pp=ygULbGFrZSBjaGVsYW4%3D,/@pacificnwexplorers9969,Pacific NW Explorers,Lake Chelan drone footage,1.5K,2 years,"Lake Chelan, Washington state drone footage. Lake Chelan was the largest natural lake in the state in terms of both surface area ...",2026-01-18 21:48:56.791346
/watch?v=-16qSTr0VG8&pp=ygULbGFrZSBjaGVsYW4%3D,/@katesorenson1097,Kate Sorenson,Manson Washington Lake Chelan Promotional Video,11K,6 years,"Come visit beautiful Manson, Washington on Lake Chelan.",2026-01-18 21:48:56.792687
/watch?v=wOAN4RpwHWE&pp=ygULbGFrZSBjaGVsYW4%3D,/@sidtilt,Sidney Tilton ,VLOG: Girls Weekend in Lake Chelan,7.9K,3 years,enjoy this kinda crazy girls weekend vlog in Lake Chelan :) love y'all xx AMAZON: https://www.amazon.com/shop/sid_tilt ...,2026-01-18 21:49:04.308098
/watch?v=1dNXmWpYhv4&pp=ygULbGFrZSBjaGVsYW4%3D,/@CriticalPast,CriticalPast,"Fifteen children along with the bus driver drown in a lake, Chelan, Washington. HD Stock Footage",38K,11 years,"CriticalPast is an archive of historic footage. The vintage footage in this video has been uploaded for research purposes, and is ...",2026-01-18 21:49:04.309244
/watch?v=6wZvNyQLITE&pp=ygULbGFrZSBjaGVsYW4%3D,/@king5evening,king5evening,Fall in Lake Chelan - KING 5 Evening | Full Episode,1K,1 year,"From the best wineries to remote destinations you can only reach by boat, here's Evenings travel guide for Lake Chelan.",2026-01-18 21:49:04.312434
/watch?v=E_Jqr67Tlik&pp=ygULbGFrZSBjaGVsYW7SBwkJTwoBhyohjO8%3D,/@xplr_northwest,XPLR NORTHWEST,"Fishing for Large Trout in Lake Chelan,  Eastern Washington",1.1K,8 months,Stopped along side Lake Chelan to do some fishing for some large trout or any sized fish that felt like biting. Subscribe to my ...,2026-01-18 21:49:04.313657
/watch?v=AuU2NMfaiZU&pp=ygULbGFrZSBjaGVsYW4%3D,/@lakechelan3495,Lake Chelan,Wintertime in Lake Chelan,66K,7 years,During the winter Lake Chelan is a snow-covered wonderland offering visitors a new list of seasonal recreation activities. Lake ...,2026-01-18 21:49:04.314827
/watch?v=nesGRXrRZb8&pp=ygULbGFrZSBjaGVsYW4%3D,/@leslie_simpson_realtor,Living in SW Washington,Lake Chelan WA | Places to see in Washington State,14K,3 years,"In this video, I share about a recent trip to Chelan, Washington. It is a beautiful town on the incredible Lake Chelan in central ...",2026-01-18 21:49:04.316570
/watch?v=y9-XaDGgf5g&pp=ygULbGFrZSBjaGVsYW4%3D,/@LivinginNCW,Amanda Dallman,Lake Chelan Exposed | Dont move here if you can’t handle this!,153K,1 year,"If you are thinking about moving to Lake Chelan, you need to watch this video FIRST! We are covering some of the best and worst ...",2026-01-18 21:49:04.317747
/watch?v=hqGobdpyx8Y&pp=ygULbGFrZSBjaGVsYW4%3D,/@lakechelan3495,Lake Chelan,Summer in Lake Chelan,47K,6 years,Feeling adventurous? Jump out of a plane with 360 degree views of the Columbia River and Lake Chelan! Vacationing with ...,2026-01-18 21:49:04.318908
/watch?v=baFWZfur4JE&pp=ygULbGFrZSBjaGVsYW4%3D,/@briantrue9930,Brian True,Lake Chelan 250.6' Deep Dive (BlueROV2 Lake Chelan #1),3.9K,5 years,"Max depth 250.6 feet. Lake Chelan in Washington, USA. 0:00 start 17:13 bottom of this dive, ran out of ROV tether 36:34 fishy ...",2026-01-18 21:49:04.320500
/watch?v=guW8MEq-hwk&pp=ygULbGFrZSBjaGVsYW4%3D,/@PrettyGrittyTours,Pretty Gritty Tours,The Tragedy of Lake Chelan,12K,2 years,November of 1945 one of the greatest tragedies of the Lake Chelan region rocked the town with a school bus full of children ...,2026-01-18 21:49:04.321964
/watch?v=KsCyhN418Ic&pp=ygULbGFrZSBjaGVsYW4%3D,/@SlideGuide,Slide Guide,"Slidewaters Waterpark ALL WATERSLIDES POV, Lake Chelan, Washington",22K,3 years,"Take a ride on all the waterslides at Slidewaters waterpark located in the resort town of Lake Chelan, Washington! This might be ...",2026-01-18 21:49:04.323713
/watch?v=cQc4sBYgYWA&pp=ygULbGFrZSBjaGVsYW4%3D,/@wanderlustvalkyrie,Wanderlust Valkyrie,4K Experience Lake Chelan|Complete Guide to 25-Mile Creek State Park|Washington Campgrounds,10K,3 years,"If you're planning on visiting Lake Chelan this summer, this video guide will help you make the most of your lake camping ...",2026-01-18 21:49:04.325440
/watch?v=Z33cAnWgARk&pp=ygULbGFrZSBjaGVsYW4%3D,/@Henry-jo6ej,Camping and Outdoor life in the PNW,Lake Chelan State Park Campground Tour in 4K | A Scenic Camping Destination,1.7K,1 year,"Join us as we explore the beautiful Lake Chelan State Park Campground! 🏕️ Nestled along the shores of Lake Chelan, this park ...",2026-01-18 21:49:04.326695
/watch?v=I_YHnmMMK9Q&pp=ygULbGFrZSBjaGVsYW4%3D,/@msfarnum1,Michael Farnum,The Mystery Boat of Lake Chelan,8.6K,7 years,A snorkeling treasure hunt turned mystery.,2026-01-18 21:49:04.327825
/watch?v=wldvX3wrHOY&pp=ygULbGFrZSBjaGVsYW4%3D,/@AnglerWestTV,Angler West TV,Lake Chelan Deep Water Winter Chinook & Cutthroat Trout,30K,5 years,Learn advanced deep water trolling techniques with Joe Heinlen & Mark Lippincott of Lake Chelan Adventures and Bob Loomis of ...,2026-01-18 21:49:04.329196
/watch?v=EOnqntpbIX8&pp=ygULbGFrZSBjaGVsYW4%3D,/@goldenadventurers,Golden Adventurers,Cascade Scenic Loop | Lake Chelan WA | Van Life,No,5 hours,"This week we took a drive on the Cascade Scenic Loop. This loop is about 450 miles. We passed through mountains, snow, ...",2026-01-18 21:49:04.330273
/watch?v=cdi6Dz9P9eE&pp=ygULbGFrZSBjaGVsYW4%3D,/@LocalLensSeattle,Local Lens Seattle,What to do in Lake Chelan during fall | Local Lens Seattle,23K,2 years,"After this trip to Lake Chelan, I think I'm changing its name to “Washington's Paradise!” I had such an epic fall trip  , jam packed ...",2026-01-18 21:49:11.798163
/watch?v=P3OsQGQ6t4w&pp=ygULbGFrZSBjaGVsYW4%3D,/@PavlusAdventures,Pavlus Adventures,Huge Lake Trout At Lake Chelan (Personal Best),6.6K,1 year,Links to items I use from Amazon: Downrigger: https://amzn.to/4dWELJ4 Downrigger stacker https://amzn.to/3MGmQL2 Down ...,2026-01-18 21:49:11.799394
/watch?v=pvCbthW2eUE&pp=ygULbGFrZSBjaGVsYW4%3D,/@LakeChelanWineValley,Lake Chelan Wine Valley,Experience the Lake Chelan Wine Valley,2K,2 years,Want to know a secret? Paradise is real. And it's closer than you think. In the heart of Washington state lies a treasure hidden in ...,2026-01-18 21:49:11.800583
/watch?v=wqlMB6TVIj8&pp=ygULbGFrZSBjaGVsYW4%3D,/@pinoyamericanoutdoors2753,Pinoy Outdoors,"Lake Chelan, Washington",3.5K,2 years,"Trip to Lake Chelan, Washington.",2026-01-18 21:49:11.801907
/watch?v=Mxrk8Ge_gEU&pp=ygULbGFrZSBjaGVsYW4%3D,/@spiltmilt,Spilt Milt Productions,Dock Fishing for Cutthroat Trout [Lake Chelan],13K,5 years,Don't miss out on more awesome content...click here to subscribe https://bit.ly/3eADeto In the spring and fall trout are planted in ...,2026-01-18 21:49:11.803091
/watch?v=LiksKYB-0P0&pp=ygULbGFrZSBjaGVsYW4%3D,/@DiscoverLifeMedia,Discover Life Media,Lake Chelan,8,3 months,"""Discover the mesmerizing depths and tranquil shores of Lake Chelan, where adventure and serenity coalesce in perfect harmony ...",2026-01-18 21:49:19.663497
/watch?v=ZiDv737pjgM&pp=ygULbGFrZSBjaGVsYW4%3D,/@kimaactionnews,KIMA Action News,Vintage Speed Boat Races on Lake Chelan,541,1 year,Stay updated by following us on social media: Facebook: https://www.facebook.com/kimatv X: https://twitter.com/kimatv Get your ...,2026-01-18 21:49:19.664741
/watch?v=qN7Rhc8OSww&pp=ygULbGFrZSBjaGVsYW4%3D,/@echovalleyresortcabins,Echo Valley Resort & Cabins,"Looking north from Peshastin Cabin - Echo Valley in Lake Chelan, WA Timelapse (July 9, 2023)",26,2 years,"Enjoy this timelapse view to the north from Echo Valley Resort + Cabins' Peshastin Cabin in Lake Chelan, Washington. Visit our ...",2026-01-18 21:49:19.665963
/watch?v=K_fkHr_H6Zs&pp=ygULbGFrZSBjaGVsYW4%3D,/@cushmanphotography8796,Cushman Photography,"Manson Bluff - Lake Chelan, WA",1K,2 years,"Manson Bluff - Lake Chelan, WA Welcome to Manson Bluff, a new neighborhood with panoramic views of Lake Chelan and the ...",2026-01-18 21:49:19.667193
/watch?v=phWiN3S1Kj4&pp=ygULbGFrZSBjaGVsYW7SBwkJTwoBhyohjO8%3D,/@johnklugvoiceovers3863,John Klug Voiceovers,Lake Chelan Wine Valley,21,1 year,www.johnklugvoiceover.com.,2026-01-18 21:49:19.671074
/watch?v=oCBvN6pJ7bU&pp=ygULbGFrZSBjaGVsYW4%3D,/@king5evening,king5evening,Manson on Lake Chelan is a small town with big appeal,1.4K,2 years,Don't miss Manson on the North Shore of Lake Chelan. It's a small town that's worth exploring. Here are just a few things we found ...,2026-01-18 21:49:19.672719
